item_norm,unit_median,location
Lab Station Set-Up,760,Lexington, MA
Half-Day Lab Fee,5050,Lexington, MA
Large Conference Room,1200,Lexington, MA
Small Conference Room,850,Lexington, MA
Specimen Holders (Plastic),160,Lexington, MA
Support Staff / Coordination,1750,Lexington, MA
Lab Station Set-Up,740,Providence, RI
Half-Day Lab Fee,4950,Providence, RI
Large Conference Room,1100,Providence, RI
Small Conference Room,800,Providence, RI
Specimen Holders (Plastic),150,Providence, RI
Support Staff / Coordination,1700,Providence, RI
